1,1,<li>生活一般・DV・性暴力などについて、電話・メール・チャットで相談できる</li>,よりそいホットライン 一般社団法人社会的包摂サポート センター,"<p><a target=""_blank"" rel=""noopener noreferrer""  href=""https://www.since2011.net/"">公式ホームページをのぞいてみる</a></p> <p><a target=""_blank"" rel=""noopener noreferrer""  href=""https://comarigoto.jp/"">チャット相談</a></p>",1,0,相談 DV 性暴力 女性,厚生労働省による補助を受けた事業です
2,1,<li>生活一般・DV・性暴力などについて、チャットで相談できる</li>,NPOあなたの居場所,"<p><a target=""_blank"" rel=""noopener noreferrer""  href=""https://talkme.jp"">公式ホームページをのぞいてみる</a></p> ",1,0,相談 DV 性暴力 女性,新聞やテレビで取材されています</li><li>厚生労働省支援情報検索サイト登録窓口です
3,18,<li>入居時の連帯保証人や緊急連絡先の引き受け</li><li>住まい探し支援</li><li>生活一般について、電話・メールで相談できる</li><li>交流会開催/居場所づくり</li>,特定非営利活動法人自立生活サポートセンター・もやい,"<p><a target=""_blank"" rel=""noopener noreferrer""  href=""https://www.npomoyai.or.jp/organizationprofile"">公式ホームページをのぞいてみる</a></p> <p><a target=""_blank"" rel=""noopener noreferrer""  href=""https://www.npomoyai.or.jp/koryu"">交流事業をのぞいてみる</a></p>",1,0,住居  相談  孤立,行政による審査を受けた「認定」NPOとなっています
4,18,<li>食料の無料提供</li><li>生活一般について対面で相談できる</li><li>医療に関する相談をできる</li>,新宿ご飯プラス,"<p><a target=""_blank"" rel=""noopener noreferrer""  href=""http://gohanplus.org/2021/01/30/1119"">公式ホームページをのぞいてみる</a></p>",1,0,食料 相談 医療,サイト運営者もボランティアとして参加したことがあります
5,18,<li>生活一般について、電話・対面で相談できる</li><li>就職を支援</li><li>入居時の連帯保証人や緊急連絡先の引き受け</li><li>住まい探し支援</li><li>緊急の住まいを提供</li>,東京チャレンジネット,"<p><a target=""_blank"" rel=""noopener noreferrer""  href=""https://www.tokyo-challenge.net/02_challenge.html"">公式ホームページをのぞいてみる</a></p>",0,1,仕事 住居 相談,
6,18,<li>生活一般について、メール・対面で相談できる</li>,反貧困ネットワーク,"<p><a target=""_blank"" rel=""noopener noreferrer""  href=""https://www.hanhinkon.com/"">公式ホームページをのぞいてみる</a></p>     <p><a target=""_blank"" rel=""noopener noreferrer""  href=""https://www.hanhinkon.com/%E7%94%9F%E6%B4%BB%E7%9B%B8%E8%AB%87%E7%AA%93%E5%8F%A3/"">相談フォーム</a></p>",1,0,相談 生活費,テレビや新聞で取材されており、SOSをした人のもとに支援者が物資や生活費を届けに来てくれることがあります
7,18,<li>食料の無料提供</li>,セカンドハーベストジャパン,"<p><a target=""_blank"" rel=""noopener noreferrer""  href=""http://2hj.org/"">公式ホームページをのぞいてみる</a></p> <p><a target=""_blank"" rel=""noopener noreferrer""  href=""http://2hj.org/recipient/individualuse.html"">利用を考える方へ</a></p>",1,0,食料,
8,18,<li>炊き出し</li>,ひとさじの会,"<p><a target=""_blank"" rel=""noopener noreferrer""  href=""https://www.hitosaji.jp/"">公式ホームページをのぞいてみる</a></p>",1,0,食料,
9,18,<li>医療に関する相談をできる</li><li>炊き出し</li>,あじいる,"<p><a target=""_blank"" rel=""noopener noreferrer""  href=""https://sumidairyo.wordpress.com/"">公式ホームページをのぞいてみる</a></p>",1,0,医療 食料,
10,18,<li>医療に関する相談をできる</li><li>炊き出し</li>,TENOHASHI（てのはし）,"<p><a target=""_blank"" rel=""noopener noreferrer""  href=""https://tenohasi.org/"">公式ホームページをのぞいてみる</a></p>",1,0,医療 食料,
11,18,<li>生活一般について電話で相談できる</li>,スープの会,"<p><a target=""_blank"" rel=""noopener noreferrer""  href=""http://www1.odn.ne.jp/soup1994/soup/supuno_hui_biao_zhi.html"">公式ホームページをのぞいてみる</a></p> <p>0120-110-241</p>",1,0,相談,
12,1,<li>生活一般について、電話・チャットで相談できる</li>,いきづらびっと,"<p><a target=""_blank"" rel=""noopener noreferrer""  href=""https://yorisoi-chat.jp/"">公式ホームページをのぞいてみる</a></p>",1,0,相談,厚生労働省による補助を受けた事業です
13,18,<li>緊急の住まいを提供</li>,東京アンブレラ基金,"<p><a target=""_blank"" rel=""noopener noreferrer""  href=""https://umbrellafund.tokyo/"">公式ホームページをのぞいてみる</a></p>  <p><a target=""_blank"" rel=""noopener noreferrer""  href=""https://umbrellafund.tokyo/tsunagarudenwa"">問い合わせページ</a></p>",1,0,住居,
14,18,<li>炊き出し</li><li>医療に関する相談をできる</li><li>生活一般について、対面・電話・メールで相談できる</li>,山友会,"<p><a target=""_blank"" rel=""noopener noreferrer""  href=""https://www.sanyukai.or.jp/"">公式ホームページをのぞいてみる</a></p> <p><a target=""_blank"" rel=""noopener noreferrer""  href=""https://www.sanyukai.or.jp/soudan"">問い合わせページ</a></p>",1,0,食料 医療 相談,
15,1,<li>就職を支援</li><li>交流会開催/居場所づくり</li>,有限会社ビックイシュー日本,"<p><a target=""_blank"" rel=""noopener noreferrer""  href=""https://www.bigissue.jp/sell/"">ビックイシュー販売員について</a></p> <p><a target=""_blank"" rel=""noopener noreferrer""  href=""https://bigissue.or.jp/action/guide/tokyo_recreation/"">交流会開催/居場所づくり</a></p>",1,0,仕事 孤立,
16,18,<li>就職を支援</li>,都内のハローワーク,"<p><a target=""_blank"" rel=""noopener noreferrer""  href=""https://bigissue.or.jp/action/guide/tokyo_hellowork/"">都内のハローワークをまとめたサイト</a></p>",1,1,仕事,
17,1,<li>無料または低額で医療を提供</li>,全日本民医連,"<p><a target=""_blank"" rel=""noopener noreferrer""  href=""https://www.min-iren.gr.jp/"">無料・低額で医療を受けられる医療機関を探す</a></p>",1,0,医療,サイト運営者が主催者と話したことがあります
18,1,<li>子ども食堂を開催する</li>,こども食堂ネットワーク,"<p><a target=""_blank"" rel=""noopener noreferrer""  href=""http://kodomoshokudou-network.com/"">子ども食堂を検索する</a></p>",1,0,食料,昨今は大人も子ども食堂に参加できることが増えています
19,19,<li>食料の無料提供</li>,フードバンク川崎,"<p><a target=""_blank"" rel=""noopener noreferrer""  href=""https://fb-k.jp/"">フードバンク川崎</a></p>",1,0,食料,
20,1,<li>ＤＶに関する相談できる</li><li>性暴力に関する相談できる</li>,法テラス,"<p><a target=""_blank"" rel=""noopener noreferrer""  href=""https://www.houterasu.or.jp/"">公式ホームページをのぞいてみる</a></p>",1,1, DV  性暴力,
21,1,<li>労働に関する相談できる</li><li>生活一般について、電話・メールで相談できる</li>,Posse（ポッセ）,"<p><a target=""_blank"" rel=""noopener noreferrer""  href=""http://www.npoposse.jp/"">公式ホームページをのぞいてみる</a></p>",1,0,労働問題  相談,サイト運営者が主催者と話したことがあります
22,1,<li>労働に関する相談をできる</li>,首都圏青年ユニオン,"<p><a target=""_blank"" rel=""noopener noreferrer""  href=""http://www.npoposse.jp/"">公式ホームページをのぞいてみる</a></p>",1,0,労働問題,新聞やテレビで取材されています 個人で加入できる労働組合です
23,1,<li>労働に関する相談をできる</li>,派遣ユニオン,"<p><a target=""_blank"" rel=""noopener noreferrer""  href=""https://www.haken-union.jp/"">公式ホームページをのぞいてみる</a></p>",1,0,労働問題,新聞やテレビで取材されています 個人で加入できる労働組合です
24,1,<li>ＤＶ・性暴力に関する相談をできる</li><li>女性を重点的に支援</li>,内閣府ＤＶ相談＋,"<p><a target=""_blank"" rel=""noopener noreferrer""  href=""https://www.gender.go.jp/policy/no_violence/dv_navi/index.html"">公式ホームページをのぞいてみる</a></p>",1,1,DV  性暴力  女性,
25,1,<li>ＤＶ・性暴力に関する相談をできる</li><li>女性を重点的に支援</li>,法務省法務局 女性の人権ホットライン,"<p><a target=""_blank"" rel=""noopener noreferrer""  href=""http://www.moj.go.jp/JINKEN/jinken108.html"">公式ホームページをのぞいてみる</a></p>",1,1,DV  性暴力  女性,
26,1,<li>ＤＶ・性暴力に関する相談をできる</li><li>女性を重点的に支援</li>,働く女性の全国センター・働く女性の全国ホットライン,"<p><a target=""_blank"" rel=""noopener noreferrer""  href=""http://wwt.acw2.org/"">公式ホームページをのぞいてみる</a></p>",1,0,DV  性暴力  女性,
27,1,<li>ＤＶ・性暴力に関する相談をできる</li><li>女性を重点的に支援</li>,NPO法人BONDプロジェクト,"<p><a target=""_blank"" rel=""noopener noreferrer""  href=""https://bondproject.jp/"">公式ホームページをのぞいてみる</a></p>",1,0,DV  性暴力  女性,厚生労働省による補助を受けた事業です
28,1,<li>ＤＶ・性暴力に関する相談をできる</li><li>女性を重点的に支援</li>,一般社団法人女子高生サポートセンターColabo,"<p><a target=""_blank"" rel=""noopener noreferrer""  href=""https://colabo-official.net/"">公式ホームページをのぞいてみる</a></p>",1,0,DV  性暴力  女性,新聞やテレビで取材されています
29,1,<li>ＤＶ・性暴力に関する相談をできる</li><li>女性を重点的に支援</li>,NPO法人性暴力救援センター・SARC東京,"<p><a target=""_blank"" rel=""noopener noreferrer""  href=""https://sarc-tokyo.org/"">公式ホームページをのぞいてみる</a></p>",1,0,DV  性暴力  女性,
30,1,<li>ＤＶ・性暴力に関する相談をできる</li><li>女性を重点的に支援</li>,NPO法人レイプクライシスセンター TSUBOMI,"<p><a target=""_blank"" rel=""noopener noreferrer""  href=""https://www.crisiscenter-tsubomi.com/"">公式ホームページをのぞいてみる</a></p>",1,0,DV  性暴力  女性,
31,1,<li>ＤＶ・性暴力に関する相談をできる</li><li>女性を重点的に支援</li>,NPO法人人身取引被害者サポートセンター ライトハウス,"<p><a target=""_blank"" rel=""noopener noreferrer""  href=""https://lhj.jp/index.html"">公式ホームページをのぞいてみる</a></p>",1,0,DV  性暴力  女性,
32,1,<li>シングルマザー/ファザーを支援</li>,NPO法人しんぐるまざあず・ふぉーらむ,"<p><a target=""_blank"" rel=""noopener noreferrer""  href=""https://www.single-mama.com/"">公式ホームページをのぞいてみる</a></p>",1,0,シングル,行政の審査を受けた「認定」NPOとなっています
33,1,<li>セクシュアルマイノリティーを支援</li>,セクシュアル・マイノリティ電話法律相談（東京弁護士会）,"<p><a target=""_blank"" rel=""noopener noreferrer""  href=""https://www.toben.or.jp/know/iinkai/seibyoudou/news/post_26.html"">公式ホームページをのぞいてみる</a></p>",1,0,LGBT,
34,2,<li>緊急の住まいを提供</li><li>就職を支援</li><li>生活一般について、電話・対面で相談できる</li>,NPO法人ホームレス自立支援事業所ベトサダ,"<p><a target=""_blank"" rel=""noopener noreferrer""  href=""https://www.npo-bethesda.com/"">公式ホームページをのぞいてみる</a></p>",1,0,住居  仕事  相談,"北海道から指定住宅確保要配慮者居住支援法人とされています <p><a target=""_blank"" rel=""noopener noreferrer""  href=""https://www.nhk-ondemand.jp/goods/G2020108963SA000/"">NHKがこの団体を取り上げています</a></p>"
35,2,<li>交流会開催/居場所づくり</li><li>緊急の住まいを提供</li><li>生活一般について対面で相談できる</li>,NPO法人生活相談サポートセンター,"<p><a target=""_blank"" rel=""noopener noreferrer""  href=""http://www.seikatusoudan.or.jp/page/works.html"">公式ホームページをのぞいてみる</a></p>",1,0,住居  孤立  相談,
36,2,<li>緊急の住まいを提供</li><li>就職を支援</li><li>交流会開催/居場所づくり</li>,NPO法人コミュニティワーク研究実践センター,"<p><a target=""_blank"" rel=""noopener noreferrer""  href=""http://www.cmtwork.net/"">公式ホームページをのぞいてみる</a></p>",1,0,住居  仕事  孤立,北海道から指定住宅確保要配慮者居住支援法人とされています
37,2,<li>緊急の住まいを提供</li><li>就職を支援</li><li>生活一般について電話で相談できる</li><li>生活一般についてメールで相談できる</li><li>ＤＶに関する相談できる</li>,NPO法人ほっとらんど,"<p><a target=""_blank"" rel=""noopener noreferrer""  href=""http://www.npo-hotland.com/"">公式ホームページをのぞいてみる</a></p>",1,0,住居  仕事  相談  DV,北海道から指定住宅確保要配慮者居住支援法人とされています
38,2,<li>緊急の住まいを提供</li><li>就職を支援</li><li>生活一般・DVについて、電話・メールで相談できる</li><li></li><li>交流会開催/居場所づくり</li><li>女性を重点的に支援</li>,NPO法人女性サポートAsyl,"<p><a target=""_blank"" rel=""noopener noreferrer""  href=""http://www.asyl-chan.com/"">公式ホームページをのぞいてみる</a></p> <p><a target=""_blank"" rel=""noopener noreferrer""  href=""https://www.facebook.com/asylchan/"">公式SNS</a></p>",1,0,住居  仕事  相談  DV  孤立  女性,
39,2,<li>生活一般について対面で相談できる</li><li>緊急の住まいを提供</li>,一般社団法人札幌一時生活支援協議会,"<p><a target=""_blank"" rel=""noopener noreferrer""  href=""http://www.join-sapporo.net/"">公式ホームページをのぞいてみる</a></p>",1,0,相談  住居,札幌市の委託事業です
40,2,<li>住まい探しを支援</li><li>緊急の住まいを提供</li>,ホームネット株式会社,"<p><a target=""_blank"" rel=""noopener noreferrer""  href=""https://www.homenet-24.co.jp/"">公式ホームページをのぞいてみる</a></p>",1,0,住居,北海道から指定住宅確保要配慮者居住支援法人とされています
41,2,<li>住まい探しを支援</li>,NPO法人シニア賃貸住宅 サポートセンター札幌,"<p><a target=""_blank"" rel=""noopener noreferrer""  href=""https://senior-rent.com/"">公式ホームページをのぞいてみる</a></p>",1,0,住居,北海道から指定住宅確保要配慮者居住支援法人とされています
42,2,<li>住まい探しを支援</li><li>緊急の住まいを提供</li>,株式会社ＪＤＣ,"<p><a target=""_blank"" rel=""noopener noreferrer""  href=""http://www.japan-dream-company.com/index.html"">公式ホームページをのぞいてみる</a></p>",1,0,住居,北海道から指定住宅確保要配慮者居住支援法人とされています
43,2,<li>住まい探しを支援</li><li></li>,株式会社ラボール,"<p><a target=""_blank"" rel=""noopener noreferrer""  href=""http://www.siensho-kai.com/"">公式ホームページをのぞいてみる</a></p>",1,0,住居,北海道から指定住宅確保要配慮者居住支援法人とされています
44,2,<li>住まい探しを支援</li><li></li>,株式会社ポロワッカ,"<p><a target=""_blank"" rel=""noopener noreferrer""  href=""http://porowakka.co.jp/"">公式ホームページをのぞいてみる</a></p>",1,0,住居,北海道から指定住宅確保要配慮者居住支援法人とされています
45,19,<li>性暴力に関する相談をできる</li>,かながわ性犯罪・性暴力被害者ワンストップ支援センター「かならいん」,"<p><a target=""_blank"" rel=""noopener noreferrer""  href=""http://www.pref.kanagawa.jp/docs/f5g/cnt/f520370/"">公式ホームページをのぞいてみる</a></p>",1,0,性暴力,
46,2,<li>住まい探しを支援</li><li>入居時の連帯保証人や緊急連絡先の引き受け</li>,株式会社ＡＩＭＳ,"<p><a target=""_blank"" rel=""noopener noreferrer""  href=""https://kazokunotunagari.wixsite.com/ysym/%E5%B1%85%E4%BD%8F%E6%94%AF%E6%8F%B4"">公式ホームページをのぞいてみる</a></p>",1,0,住居,北海道から指定住宅確保要配慮者居住支援法人とされています
47,2,<li>住まい探しを支援</li><li>入居時の連帯保証人や緊急連絡先の引き受け</li>,株式会社 めぐみ企画,"<p><a target=""_blank"" rel=""noopener noreferrer""  href=""https://megumi-kikaku.com/"">公式ホームページをのぞいてみる</a></p>",1,0,住居,北海道から指定住宅確保要配慮者居住支援法人とされています
48,6,<li>緊急の住まいを提供</li><li>就職を支援</li>,NPO法人萌友,"<p><a target=""_blank"" rel=""noopener noreferrer""  href=""http://www.ho-yu.info/"">公式ホームページをのぞいてみる</a></p>",1,0,住居  仕事,
49,6,<li>生活一般について電話で相談できる</li><li>炊き出し</li>,NPO法人仙台夜回りグループ,"<p><a target=""_blank"" rel=""noopener noreferrer""  href=""http://www.yomawari.net/"">公式ホームページをのぞいてみる</a></p>",1,0,住居  食料,地方紙の河北新報で取材されています
50,6,<li>生活一般について、電話・メールで相談できる</li>,仙台市父子家庭相談支援センター,"<p><a target=""_blank"" rel=""noopener noreferrer""  href=""http://www.personal-support.org/office/father.html"">公式ホームページをのぞいてみる</a></p>",1,0,シングル,仙台市から自立支援事業の委託を受けています
51,6,<li>生活一般・DVについて、電話・メールで相談できる</li>,一般社団法人パーソナルサポートセンター,"<p><a target=""_blank"" rel=""noopener noreferrer""  href=""http://www.personal-support.org/office/"">公式ホームページをのぞいてみる</a></p>",1,0,相談  DV,仙台市から自立支援事業の委託を受けています
52,6,<li>生活一般について、電話・メールで相談できる</li>,公益財団法人共生地域創造財団,"<p><a target=""_blank"" rel=""noopener noreferrer""  href=""http://www.personal-support.org/office/"">公式ホームページをのぞいてみる</a></p>",1,1,相談  DV,
53,6,<li>食料の無料提供</li><li>生活一般について電話で相談できる</li><li>緊急の住まいを提供</li>,NPO法人ワンファミリー仙台,"<p><a target=""_blank"" rel=""noopener noreferrer""  href=""https://www.onefamily-sendai.jp/activity-content.html"">公式ホームページをのぞいてみる</a></p>",1,0,住居  食料  相談,仙台市から自立支援事業の委託を受けています
54,5,<li>緊急の住まいを提供</li><li>入居時の連帯保証人や緊急連絡先の引き受け</li><li></li>,NPO法人秋田結いネット,"<p><a target=""_blank"" rel=""noopener noreferrer""  href=""https://akitayuinet.jimdo.com/"">公式ホームページをのぞいてみる</a></p>",1,0,住居,秋田県から居住支援法人に指定されています
55,16,<li>生活一般について電話・メール・対面で相談を受けつける</li><li>緊急の住まいを提供</li>,NPO法人サマリア,"<p><a target=""_blank"" rel=""noopener noreferrer""  href=""https://www.samaria2009.net/"">公式ホームページをのぞいてみる</a></p>",1,0,住居  相談,埼玉県から居住支援法人に指定されています
56,17,<li>緊急の住まいを提供</li><li>入居時の連帯保証人や緊急連絡先の引き受け</li><li>住まい探しを支援</li><li>交流会開催/居場所づくり</li><li>就職を支援</li><li>生活一般について、電話・メールで相談できる</li>,認定NPO法人生活困窮・ホームレス自立支援ガンバの会,"<p><a target=""_blank"" rel=""noopener noreferrer""  href=""https://npogamba.wixsite.com/ichikawa2"">公式ホームページをのぞいてみる</a></p>",1,0,住居  仕事  孤立  相談,松戸市から自立支援事業の委託を受けています
57,19,<li>生活一般について電話で相談できる</li><li>緊急の住まいを提供</li><li></li>,一般社団法人神奈川県生活サポート,"<p><a target=""_blank"" rel=""noopener noreferrer""  href=""http://ks-support.org/"">公式ホームページをのぞいてみる</a></p>",1,0,住居  相談,
58,9,<li>生活一般について電話で相談できる</li><li>緊急の住まいを提供</li><li></li>,NPO法人あさひの家,"<p><a target=""_blank"" rel=""noopener noreferrer""  href=""http://asahinoie.sakura.ne.jp/"">公式ホームページをのぞいてみる</a></p>",1,0,住居  相談,
59,9,<li>就職を支援</li><li>交流会開催/居場所づくり</li><li>緊急の住まいを提供</li><li>生活一般について電話で相談できる</li>,NPO法人自立支援ネットにいがた,"<p><a target=""_blank"" rel=""noopener noreferrer""  href=""http://sien-niigata.org/katsudou.html"">公式ホームページをのぞいてみる</a></p>",1,0,住居  相談  孤立,
60,23,<li>就職を支援</li><li>食料の無料提供</li><li>緊急の住まいを提供</li><li>生活一般について、電話・メールで相談できる</li>,NPO法人POPOLO,"<p><a target=""_blank"" rel=""noopener noreferrer""  href=""http://npo-popolo.org/"">公式ホームページをのぞいてみる</a></p>",1,0,住居  食料  相談 ,
61,24,<li>炊き出し</li>,ささしま共生会,"<p><a target=""_blank"" rel=""noopener noreferrer""  href=""https://www.facebook.com/%E3%81%95%E3%81%95%E3%81%97%E3%81%BE%E5%85%B1%E7%94%9F%E4%BC%9A-1701195663314419/"">公式SNS</a></p>",1,0,食料,
62,24,<li>炊き出し</li><li>医療に関する相談をできる</li><li>生活一般について対面で相談を受けつける</li><li>交流会開催/居場所づくり</li><li>緊急の住まいを提供</li>,ささしまサポートセンター,"<p><a target=""_blank"" rel=""noopener noreferrer""  href=""https://www.sasashima.info/"">公式ホームページをのぞいてみる</a></p>",1,0,食料  相談  医療  住居,
63,25,<li>緊急の住まいを提供</li><li>交流会開催/居場所づくり</li><li>生活一般について、電話・メールで相談できる</li>,NPO法人大津夜回りの会,"<p><a target=""_blank"" rel=""noopener noreferrer""  href=""https://otsu-yomawarinokai.org/"">公式ホームページをのぞいてみる</a></p>",1,0,相談  住居  孤立 ,大津市から自立支援事業の委託を受けています 行政による審査を受けた「認定」NPOとなっています
64,29,<li>緊急の住まいを提供</li><li>交流会開催/居場所づくり</li><li>生活一般について電話・メールで相談できる</li>,公益財団法人ソーシャルサービス協会,"<p><a target=""_blank"" rel=""noopener noreferrer""  href=""https://otsu-yomawarinokai.org/"">公式ホームページをのぞいてみる</a></p>",1,0,相談  住居  孤立 ,
65,30,<li>緊急の住まいを提供</li><li>交流会開催/居場所づくり</li><li>生活一般について電話・メールで相談できる</li><li>就職を支援</li>,一般社団法人大阪希望館,"<p><a target=""_blank"" rel=""noopener noreferrer""  href=""https://www.osaka-kiboukan.jp/"">公式ホームページをのぞいてみる</a></p>",1,0,相談  住居  孤立  仕事,
66,30,<li>就職を支援</li><li>生活一般について電話・対面で相談を受けつける</li>,NPO法人釜ヶ崎支援機構,"<p><a target=""_blank"" rel=""noopener noreferrer""  href=""http://www.npokama.org/"">公式ホームページをのぞいてみる</a></p>",1,0,相談  仕事,
67,30,<li>就職を支援</li><li>生活一般について電話・対面で相談を受けつける</li>,大阪ホームレス就業支援センター,"<p><a target=""_blank"" rel=""noopener noreferrer""  href=""https://www.homeless-shien.jp/"">公式ホームページをのぞいてみる</a></p>",1,0,相談  仕事,
68,30,<li>炊き出し</li><li>生活一般について対面・メールで相談を受けつける</li><li>住まい探しを支援</li>,NPO法人生活支援機構ALL,"<p><a target=""_blank"" rel=""noopener noreferrer""  href=""https://www.npo-all.jp/"">公式ホームページをのぞいてみる</a></p>",1,0,相談  食料  住居,大阪府から居住支援法人に指定されています
69,30,<li>就職を支援</li><li>生活一般について、電話・対面で相談を受けつける</li><li>緊急の住まいを提供</li>,社会福祉法人みおつくし福祉会,"<p><a target=""_blank"" rel=""noopener noreferrer""  href=""https://safetynet.miotsukushi.or.jp/"">公式ホームページをのぞいてみる</a></p>",1,0,相談  仕事 住居,
70,31,<li>交流会開催/居場所づくり</li>,一般社団法人つばさ,"<p><a target=""_blank"" rel=""noopener noreferrer""  href=""http://tsubasa-support.love/index.html"">公式ホームページをのぞいてみる</a></p>",1,0,孤立,
71,32,<li>就職を支援</li><li>生活一般について電話・対面で相談を受けつける</li><li>緊急の住まいを提供</li><li>交流会開催/居場所づくり</li>,NPO法人岡山ホームレス支援きずな,"<p><a target=""_blank"" rel=""noopener noreferrer""  href=""http://www.okayamakizuna.com/03_business.html"">公式ホームページをのぞいてみる</a></p>",1,0,仕事  相談  孤立  住居,
72,32,<li>就職を支援</li><li>緊急の住まいを提供</li><li>生活一般について電話で相談できる</li>,NPO法人自立支援アーリア,"<p><a target=""_blank"" rel=""noopener noreferrer""  href=""https://aryan.jp/"">公式ホームページをのぞいてみる</a></p>",1,0,仕事  住居  相談,
73,41,<li>入居時の連帯保証人や緊急連絡先の引き受け</li><li>住まい探しを支援</li><li>生活一般について電話・メールで相談できる</li><li>炊き出し</li><li>緊急の住まいを提供</li>,NPO法人包撲,"<p><a target=""_blank"" rel=""noopener noreferrer""  href=""https://www.houboku.net/actions/"">公式ホームページをのぞいてみる</a></p>",1,0,仕事  住居  相談  食料,北九州市から生活自立支援事業の委託を受けています 行政による審査を受けた「認定」NPOとなっています
74,41,<li>住まい探しを支援</li><li>就職を支援</li><li>交流会開催/居場所づくり</li><li>生活一般について、電話・メールで相談できる</li><li>炊き出し</li><li>医療に関する相談をできる</li>,NPO法人福岡おにぎりの会,"<p><a target=""_blank"" rel=""noopener noreferrer""  href=""http://onigirinokai.web.fc2.com/onigiri/top.html"">公式ホームページをのぞいてみる</a></p>",1,0,仕事  住居  相談  食料 医療,"西日本新聞で取り上げられています<p><a target=""_blank"" rel=""noopener noreferrer"" href=""https://www.nishinippon.co.jp/item/n/607011/"">記事を読む</a></p>"
75,41,<li>炊き出し</li>,NPO法人美野島めぐみの家,"<p><a target=""_blank"" rel=""noopener noreferrer""  href=""http://www.megumihome.sakura.ne.jp/"">公式ホームページをのぞいてみる</a></p>",1,0,食料,"西日本新聞で取り上げられています<p><a target=""_blank"" rel=""noopener noreferrer"" href=""https://www.nishinippon.co.jp/item/n/607011/"">記事を読む</a></p>"
76,44,<li>住まい探しを支援</li><li>就職を支援</li><li>交流会開催/居場所づくり</li><li>生活一般について電話で相談できる</li><li></li>,NPO法人でんでん虫の会,"<p><a target=""_blank"" rel=""noopener noreferrer""  href=""https://denden64.org/"">公式ホームページをのぞいてみる</a></p>",1,0,住居  孤立  相談,
77,45,<li>生活一般について電話・対面で相談を受けつける</li><li>交流会開催/居場所づくり</li>,NPO法人自立生活支援宮崎ほほえみの会,"<p><a target=""_blank"" rel=""noopener noreferrer""  href=""http://miyazakihohoeminokai.web.fc2.com/index.html"">公式ホームページをのぞいてみる</a></p>",1,0,相談  孤立,
78,46,<li>炊き出し</li>,NPO法人かごしまホームレス生活者支えあう会,"<p><a target=""_blank"" rel=""noopener noreferrer""  href=""https://yuisasakagoshima.wixsite.com/sasaeaukai"">公式ホームページをのぞいてみる</a></p>",1,0,食料,
79,2,<li>性暴力に関する相談をできる</li>,性暴力被害者支援センター北海道「ＳＡＣＲＡＣＨ（さくらこ）」,"<p><a target=""_blank"" rel=""noopener noreferrer""  href=""https://sacrach.jp/"">公式ホームページをのぞいてみる</a></p>",1,1,性暴力,
80,3,<li>性暴力に関する相談をできる</li>,あおもり性暴力被害者支援センター,"<p><a target=""_blank"" rel=""noopener noreferrer""  href=""https://www.pref.aomori.lg.jp/life/danjo/ringonohana.html"">公式ホームページをのぞいてみる</a></p>",1,1,性暴力,
81,4,<li>性暴力に関する相談をできる</li>,はまなすサポート（岩手県性犯罪・性暴力被害者支援）,"<p><a target=""_blank"" rel=""noopener noreferrer""  href=""https://www.pref.iwate.jp/kurashikankyou/anzenanshin/higaisha/1004385.html"">公式ホームページをのぞいてみる</a></p>",1,1,性暴力,
82,6,<li>性暴力に関する相談をできる</li>,性暴力被害相談支援センター宮城,"<p><a target=""_blank"" rel=""noopener noreferrer""  href=""https://www.pref.miyagi.jp/soshiki/kyosha/seibouryokusenta-miyagi.html"">公式ホームページをのぞいてみる</a></p>",1,1,性暴力,
83,5,<li>性暴力に関する相談をできる</li>,あきた性暴力被害者サポートセンター「ほっとハートあきた」,"<p><a target=""_blank"" rel=""noopener noreferrer""  href=""https://www.pref.akita.lg.jp/pages/archive/28676"">公式ホームページをのぞいてみる</a></p>",1,1,性暴力,
84,7,<li>性暴力に関する相談をできる</li>,やまがた性暴力被害者サポートセンター「べにサポ やまがた」,"<p><a target=""_blank"" rel=""noopener noreferrer""  href=""https://www.benisapo.jp/"">公式ホームページをのぞいてみる</a></p>",1,0,性暴力,
85,8,<li>性暴力に関する相談をできる</li>,性暴力等被害救援協力機関ＳＡＣＲＡふくしま,"<p><a target=""_blank"" rel=""noopener noreferrer""  href=""http://www.vsc-fukushima.net/sacra"">公式ホームページをのぞいてみる</a></p>",1,0,性暴力,
86,13,<li>性暴力に関する相談をできる</li>,性暴力被害者サポートネットワーク茨城,"<p><a target=""_blank"" rel=""noopener noreferrer""  href=""https://www.pref.ibaraki.jp/seikatsukankyo/seibun/anzen/20190313.html"">公式ホームページをのぞいてみる</a></p>",1,1,性暴力,
87,14,<li>性暴力に関する相談をできる</li>,とちぎ性暴力被害者サポートセンター「とちエール」,"<p><a target=""_blank"" rel=""noopener noreferrer""  href=""http://www.pref.tochigi.lg.jp/c03/kouhou/h27tochielu.html"">公式ホームページをのぞいてみる</a></p>",1,1,性暴力,
88,15,<li>性暴力に関する相談をできる</li>,群馬県性暴力被害者サポートセンター「Ｓａｖｅぐんま」,"<p><a target=""_blank"" rel=""noopener noreferrer""  href=""https://savegunma.jp/"">公式ホームページをのぞいてみる</a></p>",1,0,性暴力,
89,16,<li>性暴力に関する相談をできる</li>,彩の国犯罪被害者ワンストップ支援センター性暴力等犯罪被害専用相談電話「アイリスホットライン」,"<p><a target=""_blank"" rel=""noopener noreferrer""  href=""https://www.pref.saitama.lg.jp/a0311/hanzaihigaisya/seibouryoku2.html"">公式ホームページをのぞいてみる</a></p>",1,0,性暴力,
90,17,<li>性暴力に関する相談をできる</li>,NPO 法人 千葉性暴力被害支援センター ちさと,"<p><a target=""_blank"" rel=""noopener noreferrer""  href=""http://chissat.sakura.ne.jp/"">公式ホームページをのぞいてみる</a></p>",1,0,性暴力,
91,17,<li>性暴力に関する相談をできる</li>,公益社団法人 千葉犯罪被害者支援センター,"<p><a target=""_blank"" rel=""noopener noreferrer""  href=""http://chibacvs.gr.jp/"">公式ホームページをのぞいてみる</a></p>",1,0,性暴力,
92,9,<li>性暴力に関する相談をできる</li>,性暴力被害者支援センターにいがた,"<p><a target=""_blank"" rel=""noopener noreferrer""  href=""https://www.n-vsc.jp/seibouryoku.html"">公式ホームページをのぞいてみる</a></p>",1,0,性暴力,
93,10,<li>性暴力に関する相談をできる</li>,性暴力被害ワンストップ支援センターとやま,"<p><a target=""_blank"" rel=""noopener noreferrer""  href=""http://seibouryoku.com/"">公式ホームページをのぞいてみる</a></p>",1,0,性暴力,
94,11,<li>性暴力に関する相談をできる</li>,いしかわ性暴力被害者支援センター「パープルサポートいしかわ」,"<p><a target=""_blank"" rel=""noopener noreferrer""  href=""https://www.pref.ishikawa.lg.jp/danjo/purplesupport.html"">公式ホームページをのぞいてみる</a></p>",1,1,性暴力,
95,12,<li>性暴力に関する相談をできる</li>,性暴力救済センター・ふくい「ひなぎく」,"<p><a target=""_blank"" rel=""noopener noreferrer""  href=""https://hinagiku.fukui-saiseikai.com/"">公式ホームページをのぞいてみる</a></p>",1,0,性暴力,
96,20,<li>性暴力に関する相談をできる</li>,やまなし性暴力被害者サポートセンター「かいさぽ ももこ」,"<p><a target=""_blank"" rel=""noopener noreferrer""  href=""https://www.sien-yamanashi.com/kaisapo-momoko/"">公式ホームページをのぞいてみる</a></p>",1,0,性暴力,
97,21,<li>性暴力に関する相談をできる</li>,長野県性暴力被害者支援センター「りんどうハートながの」,"<p><a target=""_blank"" rel=""noopener noreferrer""  href=""https://www.pref.nagano.lg.jp/jinken-danjo/kurashi/jinkendanjo/jinken/main/rindouheart_nagano.html"">公式ホームページをのぞいてみる</a></p>",1,1,性暴力,
98,22,<li>性暴力に関する相談をできる</li>,ぎふ性暴力被害者支援センター,"<p><a target=""_blank"" rel=""noopener noreferrer""  href=""https://www.onestop-gifu.org/"">公式ホームページをのぞいてみる</a></p>",1,1,性暴力,
99,23,<li>性暴力に関する相談をできる</li>,静岡県性暴力被害者支援センター SORA,"<p><a target=""_blank"" rel=""noopener noreferrer""  href=""http://www.pref.shizuoka.jp/kenmin/km-110a/sora.html"">公式ホームページをのぞいてみる</a></p>",1,1,性暴力,
100,24,<li>性暴力に関する相談をできる</li>,ハートフルステーション・あいち,"<p><a target=""_blank"" rel=""noopener noreferrer""  href=""https://www.pref.aichi.jp/police/soudan/heartful/"">公式ホームページをのぞいてみる</a></p>",1,1,性暴力,
101,24,<li>性暴力に関する相談をできる</li>,性暴力救援センター 日赤なごや なごみ,"<p><a target=""_blank"" rel=""noopener noreferrer""  href=""http://nagomi.nissekinagoya.jp/index.html"">公式ホームページをのぞいてみる</a></p>",1,0,性暴力,
102,26,<li>性暴力に関する相談をできる</li>,みえ性暴力被害者支援センター よりこ,"<p><a target=""_blank"" rel=""noopener noreferrer""  href=""http://yorico.sub.jp/"">公式ホームページをのぞいてみる</a></p>",1,0,性暴力,
103,25,<li>性暴力に関する相談をできる</li>,性暴力被害者総合ケアワンストップびわ湖SATOCO（サトコ）,"<p><a target=""_blank"" rel=""noopener noreferrer""  href=""https://satoco3105biwako.jimdofree.com/"">公式ホームページをのぞいてみる</a></p>",1,0,性暴力,
104,29,<li>性暴力に関する相談をできる</li>,京都性暴力被害者ワンストップ相談支援センター 京都SARA（サラ）,"<p><a target=""_blank"" rel=""noopener noreferrer""  href=""http://www.pref.kyoto.jp/kateishien/kyotosara.html"">公式ホームページをのぞいてみる</a></p>",1,1,性暴力,
105,30,<li>性暴力に関する相談をできる</li>,性暴力救援センター・大阪SACHICO,"<p><a target=""_blank"" rel=""noopener noreferrer""  href=""https://sachicoosaka.wixsite.com/sachico"">公式ホームページをのぞいてみる</a></p>",1,0,性暴力,
106,31,<li>性暴力に関する相談をできる</li>,ひょうご性被害ケアセンター「よりそい」,"<p><a target=""_blank"" rel=""noopener noreferrer""  href=""https://www.supporthyogo.org/"">公式ホームページをのぞいてみる</a></p>",1,0,性暴力,
107,28,<li>性暴力に関する相談をできる</li>,奈良県性暴力被害者サポートセンター ＮＡＲＡハート,"<p><a target=""_blank"" rel=""noopener noreferrer""  href=""http://www.pref.nara.jp/50858.htm"">公式ホームページをのぞいてみる</a></p>",1,1,性暴力,
108,27,<li>性暴力に関する相談をできる</li>,性暴力救援センター和歌山「わかやまmine（マイン）」,"<p><a target=""_blank"" rel=""noopener noreferrer""  href=""https://www.pref.wakayama.lg.jp/prefg/040402/mine/mine.html"">公式ホームページをのぞいてみる</a></p>",1,1,性暴力,
109,33,<li>性暴力に関する相談をできる</li>,性暴力被害者支援センターとっとり （クローバーとっとり）,"<p><a target=""_blank"" rel=""noopener noreferrer""  href=""https://clover-tori.jp/"">公式ホームページをのぞいてみる</a></p>",1,0,性暴力,
110,34,<li>性暴力に関する相談をできる</li>,性暴力被害者支援センターたんぽぽ（島根県女性相談センター内）,"<p><a target=""_blank"" rel=""noopener noreferrer""  href=""https://www.pref.shimane.lg.jp/education/child/dv/sodan/tanpopo.html"">公式ホームページをのぞいてみる</a></p>",1,1,性暴力,
111,34,<li>性暴力に関する相談をできる</li>,一般社団法人 しまね性暴力被害者支援センターさひめ,"<p><a target=""_blank"" rel=""noopener noreferrer""  href=""https://sahime.onnanokonotameno-er.com/"">公式ホームページをのぞいてみる</a></p>",1,0,性暴力,
112,32,<li>性暴力に関する相談をできる</li>,性暴力被害者支援センター「おかやま心」,"<p><a target=""_blank"" rel=""noopener noreferrer""  href=""http://vsco.info/"">公式ホームページをのぞいてみる</a></p>",1,0,性暴力,
113,35,<li>性暴力に関する相談をできる</li>,性被害ワンストップセンターひろしま,"<p><a target=""_blank"" rel=""noopener noreferrer""  href=""https://www.pref.hiroshima.lg.jp/site/onestop/"">公式ホームページをのぞいてみる</a></p>",1,0,性暴力,
114,36,<li>性暴力に関する相談をできる</li>,山口県男女共同参画相談センター「やまぐち性暴力相談ダイヤル あさがお,"<p><a target=""_blank"" rel=""noopener noreferrer""  href=""https://www.pref.yamaguchi.lg.jp/cms/a12800/index/seibouryokuhigai/asagao.html"">公式ホームページをのぞいてみる</a></p>",1,1,性暴力,
115,40,<li>性暴力に関する相談をできる</li>,性暴力被害者支援センター よりそいの樹 とくしま（中央・南部・西部）,"<p><a target=""_blank"" rel=""noopener noreferrer""  href=""https://www.pref.tokushima.lg.jp/ippannokata/kurashi/jinken/2016062900019"">公式ホームページをのぞいてみる</a></p>",1,1,性暴力,
116,37,<li>性暴力に関する相談をできる</li>,性暴力被害者支援センター「オリーブかがわ」,"<p><a target=""_blank"" rel=""noopener noreferrer""  href=""https://www.pref.kagawa.lg.jp/kenmin/olive_kagawa/kfvn.html"">公式ホームページをのぞいてみる</a></p>",1,1,性暴力,
117,38,<li>性暴力に関する相談をできる</li>,えひめ性暴力被害者支援センター「ひめここ」,"<p><a target=""_blank"" rel=""noopener noreferrer""  href=""https://www.ehime-joseizaidan.com/site/seibouryoku/"">公式ホームページをのぞいてみる</a></p>",1,0,性暴力,
118,39,<li>性暴力に関する相談をできる</li>,性暴力被害者サポートセンターこうち,"<p><a target=""_blank"" rel=""noopener noreferrer""  href=""https://www.pref.kochi.lg.jp/soshiki/141601/seibouryoku.html"">公式ホームページをのぞいてみる</a></p>",1,1,性暴力,
119,41,<li>性暴力に関する相談をできる</li>,性暴力被害者支援センター・ふくおか,"<p><a target=""_blank"" rel=""noopener noreferrer""  href=""http://fukuoka-vs.net/savs/"">公式ホームページをのぞいてみる</a></p>",1,0,性暴力,
120,43,<li>性暴力に関する相談をできる</li>,性暴力救援センター・さが「さがmirai」,"<p><a target=""_blank"" rel=""noopener noreferrer""  href=""https://www.avance.or.jp/mirai.html"">公式ホームページをのぞいてみる</a></p>",1,0,性暴力,
121,42,<li>性暴力に関する相談をできる</li>,性暴力被害者支援「サポートながさき」（公益社団法人長崎犯罪被害者支援センター）,"<p><a target=""_blank"" rel=""noopener noreferrer""  href=""https://www.nagasaki-vs.jp/"">公式ホームページをのぞいてみる</a></p>",1,0,性暴力,
122,44,<li>性暴力に関する相談をできる</li>,性暴力被害者のためのサポートセンターゆあさいどくまもと,"<p><a target=""_blank"" rel=""noopener noreferrer""  href=""http://yourside-kumamoto.jp/"">公式ホームページをのぞいてみる</a></p>",1,0,性暴力,
123,48,<li>性暴力に関する相談をできる</li>,おおいた性暴力救援センター「すみれ」,"<p><a target=""_blank"" rel=""noopener noreferrer""  href=""https://oita-sumire.jp/"">公式ホームページをのぞいてみる</a></p>",1,0,性暴力,
124,45,<li>性暴力に関する相談をできる</li>,性暴力被害者支援センター「さぽーとねっと宮崎」,"<p><a target=""_blank"" rel=""noopener noreferrer""  href=""https://www.miyazaki-shien.or.jp/snm/"">公式ホームページをのぞいてみる</a></p>",1,0,性暴力,
125,46,<li>性暴力に関する相談をできる</li>,性暴力被害者サポートネットワークかごしま「ＦＬＯＷＥＲ」,"<p><a target=""_blank"" rel=""noopener noreferrer""  href=""https://www.kagoshima-shien.jp/flower/"">公式ホームページをのぞいてみる</a></p>",1,0,性暴力,
126,47,<li>性暴力に関する相談をできる</li>,沖縄県性暴力被害者ワンストップ支援センター「with you おきなわ」,"<p><a target=""_blank"" rel=""noopener noreferrer""  href=""https://www.pref.okinawa.jp/site/kodomo/heiwadanjo/danjo/7001.html"">公式ホームページをのぞいてみる</a></p>",1,1,性暴力,
127,18,<li>食料の無料提供</li><li>シングルマザー/ファザーを支援</li>,認定NPO法人グットネーバーズジャパン,"<p><a target=""_blank"" rel=""noopener noreferrer""  href=""https://www.gnjp.org/"">公式ホームページをのぞいてみる</a></p> <p><a target=""_blank"" rel=""noopener noreferrer""  href=""https://www.gnjp.org/work/domestic/gohanuketori/"">食料配布申し込み画面</a></p>",1,0,シングル 食料,行政による審査を受けた「認定」NPOとなっています
128,18,<li>子ども食堂を開催</li>,こととい子ども食堂,"<p><a target=""_blank"" rel=""noopener noreferrer""  href=""https://tsukuroi.tokyo/kodomoshokudou/#kototoi"">公式ホームページをのぞいてみる</a></p>",1,0,食料,大人の参加も可能になっています
129,18,<li>自立の拠点となる住まいを提供</li><li>交流会開催/居場所づくり</li><li>生活一般についてメールで相談できる</li>,つくろい東京ファンド,"<p><a target=""_blank"" rel=""noopener noreferrer""  href=""https://tsukuroi.tokyo/"">公式ホームページをのぞいてみる</a></p> <p><a target=""_blank"" rel=""noopener noreferrer""  href=""https://tsukuroi.tokyo/awayahouse/#why"">住まい提供について</a></p>",1,0,住居 孤立 相談,新聞やＮＨＫで取材されています
130,16,<li>食料の無料提供</li>,NPO法人フードバンクネット西埼玉,"<p><a target=""_blank"" rel=""noopener noreferrer""  href=""https://www.fbn-nishi-saitama.com/"">公式ホームページをのぞいてみる</a></p>",1,0,食料,明治などの大手企業と協力しています
131,1,<li>労働に関する相談できる</li>,日本労働組合総連合会,"<p><a target=""_blank"" rel=""noopener noreferrer""  href=""https://www.jtuc-rengo.or.jp/soudan/"">公式ホームページをのぞいてみる</a></p>",1,0,労働,日本最大の労働組合です
132,16,<li>緊急の住まいを提供</li><li>生活費を支給</li><li>生活一般について電話で相談できる</li>,一般社団法人生活サポート基金,"<p><a target=""_blank"" rel=""noopener noreferrer""  href=""https://www.ss-k.jp/"">公式ホームページをのぞいてみる</a></p>",1,0,相談 住居 生活費,東京都と連携しています
133,17,<li>緊急の住まいを提供</li><li>生活費を支給</li><li>生活一般について電話で相談できる</li>,一般社団法人生活サポート基金,"<p><a target=""_blank"" rel=""noopener noreferrer""  href=""https://www.ss-k.jp/"">公式ホームページをのぞいてみる</a></p>",1,0,相談 住居 生活費,東京都と連携しています
134,18,<li>緊急の住まいを提供</li><li>生活費を支給</li><li>生活一般について電話で相談できる</li>,一般社団法人生活サポート基金,"<p><a target=""_blank"" rel=""noopener noreferrer""  href=""https://www.ss-k.jp/"">公式ホームページをのぞいてみる</a></p>",1,0,相談 住居 生活費,東京都と連携しています
135,19,<li>緊急の住まいを提供</li><li>生活費を支給</li><li>生活一般について電話で相談できる</li>,一般社団法人生活サポート基金,"<p><a target=""_blank"" rel=""noopener noreferrer""  href=""https://www.ss-k.jp/"">公式ホームページをのぞいてみる</a></p>",1,0,相談 住居 生活費,東京都と連携しています
136,1,<li>女性を重点的に支援</li><li>性暴力・ＤＶに関する相談できる</li>,若草プロジェクト,"<p><a target=""_blank"" rel=""noopener noreferrer""  href=""https://wakakusa.jp.net/sodan/"">公式ホームページをのぞいてみる</a></p>",1,0,女性 性暴力 DV,
137,18,<li>女性を重点的に支援</li><li>ＤＶに関する相談できる</li>,東京都女性相談センター,"<p><a target=""_blank"" rel=""noopener noreferrer""  href=""https://www.fukushihoken.metro.tokyo.lg.jp/kodomo/sodan/j_soudan.html"">公式ホームページをのぞいてみる</a></p>",1,1,女性 ＤＶ,
138,18,<li>ＤＶに関する相談できる</li><li>セクシュアルマイノリティーを支援</li><li>女性を重点的に支援</li>,東京ウィメンズプラザ,"<p><a target=""_blank"" rel=""noopener noreferrer""  href=""http://www.twp.metro.tokyo.lg.jp/"">公式ホームページをのぞいてみる</a></p>",1,1,女性 LGBT DV,
139,18,<li>労働に関する相談できる</li>,東京都労働相談情報センター,"<p><a target=""_blank"" rel=""noopener noreferrer""  href=""https://www.hataraku.metro.tokyo.lg.jp/soudan-c/center/"">公式ホームページをのぞいてみる</a></p>",1,1,労働,
140,1,<li>生活一般について電話・チャットで相談できる</li><li>住まい探しを支援</li>,一般社団法人暮らしサポートウィズ,"<p><a target=""_blank"" rel=""noopener noreferrer""  href=""https://www.kurashidial.or.jp/"">公式ホームページをのぞいてみる</a></p>",1,0,相談 住居,東京都から居住支援法人に指定されています
141,1,<li>生活一般について電話で相談できる</li>,ホームレス総合相談ネットワーク,"<p><a target=""_blank"" rel=""noopener noreferrer""  href=""http://lluvia.tea-nifty.com/homelesssogosodan/2020/04/post-e9fd61.html"">公式ホームページをのぞいてみる</a></p>",1,0,相談,
142,6,<li>シングルマザー/ファザーを支援</li>,キッズドア,"<p><a target=""_blank"" rel=""noopener noreferrer""  href=""https://kidsdoor.net/"">公式ホームページをのぞいてみる</a></p>",1,0,シングル,
143,18,<li>シングルマザー/ファザーを支援</li>,キッズドア,"<p><a target=""_blank"" rel=""noopener noreferrer""  href=""https://kidsdoor.net/"">公式ホームページをのぞいてみる</a></p>",1,0,シングル,
144,1,<li>日本在住の外国籍の人を支援（相談窓口 翻訳サービス 教育支援など）</li>,認定NPO法人IVY,"<p><a target=""_blank"" rel=""noopener noreferrer""  href=""http://ivyivy.org/ngo/"">公式ホームページをのぞいてみる</a></p> <p><a target=""_blank"" rel=""noopener noreferrer""  href=""http://ivyivy.org/act/foreigner/post_43/"">生活相談ページ</a></p>",1,0,外国籍,行政による審査を受けた「認定」NPOとなっています
145,7,<li>日本在住の外国籍の人を支援（相談窓口 翻訳サービス 教育支援など）</li>,認定NPO法人IVY,"<p><a target=""_blank"" rel=""noopener noreferrer""  href=""http://ivyivy.org/ngo/"">公式ホームページをのぞいてみる</a></p> <p><a target=""_blank"" rel=""noopener noreferrer""  href=""http://ivyivy.org/act/foreigner/post_43/"">生活相談ページ</a></p>",1,0,外国籍,行政による審査を受けた「認定」NPOとなっています
146,8,<li>日本在住の外国籍の人を支援（交流事業など）</li>,福島移住女性支援ネットワーク,"<p><a target=""_blank"" rel=""noopener noreferrer""  href=""http://gaikikyo.jp/shinsai/eiwan/"">公式ホームページをのぞいてみる</a></p>",1,0,外国籍,
147,9,<li>日本在住の外国籍の人を支援（相談窓口 医療相談 法律相談など）</li>,公益財団法人新潟市国際交流協会,"<p><a target=""_blank"" rel=""noopener noreferrer""  href=""https://www.nief.or.jp/ja/node/14"">公式ホームページをのぞいてみる</a></p>",1,0,外国籍,行政庁から認定を受けた「公益」法人となっています
148,13,<li>日本在住の外国籍の人を支援（通訳翻訳サービス 教育支援など）</li>,茨城NPOセンターコモンズグローバルセンター,"<p><a target=""_blank"" rel=""noopener noreferrer""  href=""https://www.commons-globalcenter.org/"">公式ホームページをのぞいてみる</a></p>",1,0,外国籍,行政による審査を受けた「認定」NPOとなっています
149,16,<li>日本在住の外国籍の人を支援（相談など）</li>,カトリックさいたま教区国際交流センター,"<p><a target=""_blank"" rel=""noopener noreferrer""  href=""http://saitama-kyoku.net/our_people/pasutoral_centre/open_house/"">公式ホームページをのぞいてみる</a></p>",1,0,外国籍,
150,1,<li>日本在住の外国籍の人を支援（相談など）</li>,ふじみの国際交流センター,"<p><a target=""_blank"" rel=""noopener noreferrer""  href=""http://www.ficec.jp/"">公式ホームページをのぞいてみる</a></p>",1,0,外国籍,行政による審査を受けた「認定」NPOとなっています
151,16,<li>日本在住の外国籍の人を支援（相談 教育支援 交流事業など）</li>,ふじみの国際交流センター,"<p><a target=""_blank"" rel=""noopener noreferrer""  href=""http://www.ficec.jp/"">公式ホームページをのぞいてみる</a></p>",1,0,外国籍,行政による審査を受けた「認定」NPOとなっています
152,16,<li>日本在住の外国籍の人を支援（教育支援など）</li><li>シングルマザー/ファザーを支援</li>,NPO法人街のひろば,"<p><a target=""_blank"" rel=""noopener noreferrer""  href=""https://machinohiroba.com/"">公式ホームページをのぞいてみる</a></p>",1,0,外国籍 シングル,
153,18,<li>日本在住の外国籍の人を支援（ごはん会 奨学金プログラム 交流事業など)</li>,カパティラン/KAPATIRAN,"<p><a target=""_blank"" rel=""noopener noreferrer""  href=""https://kapatiran-jp.com/"">公式ホームページをのぞいてみる</a></p>",1,0,外国籍,
154,18,<li>日本在住の外国籍の人を支援（教育支援 交流事業など)</li>,多文化共生センター東京,"<p><a target=""_blank"" rel=""noopener noreferrer""  href=""https://tabunka.or.jp/"">公式ホームページをのぞいてみる</a></p>",1,0,外国籍,行政による審査を受けた「認定」NPOとなっています
155,18,<li>日本在住の外国籍の人を支援（相談 教育支援 法律相談など)</li>,NPO法人JFCネットワーク,"<p><a target=""_blank"" rel=""noopener noreferrer""  href=""http://www.jfcnet.org/"">公式ホームページをのぞいてみる</a></p>",1,0,外国籍,
156,1,<li>日本在住の外国籍の人を支援（相談 緊急の住まい提供など）</li><li>シングルマザー/ファザーを支援</li><li>生活一般について電話で相談できる</li>,公益財団法人キリスト教婦人矯風会/女性の家HELP,"<p><a target=""_blank"" rel=""noopener noreferrer""  href=""https://kyofukai.jp/aboutus/inst/help"">公式ホームページをのぞいてみる</a></p>",1,0,外国籍  シングル 相談,行政庁から認定を受けた「公益」法人となっています
157,18,<li>日本在住の外国籍の人を支援（相談 緊急の住まい提供）</li><li>シングルマザー/ファザーを支援</li><li>生活一般について電話で相談できる</li><li>緊急の住まいを提供</li>,公益財団法人キリスト教婦人矯風会/女性の家HELP,"<p><a target=""_blank"" rel=""noopener noreferrer""  href=""https://kyofukai.jp/aboutus/inst/help"">公式ホームページをのぞいてみる</a></p>",1,0,外国籍  シングル 相談 住居,行政庁から認定を受けた「公益」法人となっています
158,1,<li>日本在住の外国籍の人を支援（相談 緊急の住まい提供 物資の提供など)</li>,認定NPO法人難民支援協会,"<p><a target=""_blank"" rel=""noopener noreferrer""  href=""https://www.refugee.or.jp/"">公式ホームページをのぞいてみる</a></p> <p><a target=""_blank"" rel=""noopener noreferrer""  href=""https://www.refugee.or.jp/for_refugees/"">相談ページ</a></p>",1,0,外国籍,行政による審査を受けた「認定」NPOとなっています
159,1,<li>日本在住の外国籍の人を支援（相談 医療サービスなど)</li>,特定非営利活動法人 シェア＝国際保健協力市民の会,"<p><a target=""_blank"" rel=""noopener noreferrer""  href=""https://share.or.jp/"">公式ホームページをのぞいてみる</a></p> <p><a target=""_blank"" rel=""noopener noreferrer""  href=""https://share.or.jp/health/act/japan/"">相談ページ</a></p>",1,0,外国籍,過去に行政による審査を受けた「認定」NPOでした
160,18,<li>日本在住の外国籍の人を支援（相談 教育支援など)</li>,一般社団法人OCnet,"<p><a target=""_blank"" rel=""noopener noreferrer""  href=""http://www.ocnet.jp/ja/index.html"">公式ホームページをのぞいてみる</a></p>",1,0,外国籍,
161,19,<li>日本在住の外国籍の人を支援（相談 教育支援 交流事業 労働相談など)</li>,カトリック横浜教区難民移住移動者委員会,"<p><a target=""_blank"" rel=""noopener noreferrer""  href=""http://encomyokohama.jp/"">公式ホームページをのぞいてみる</a></p>",1,0,外国籍,
162,19,<li>日本在住の外国籍の人を支援（相談 引っ越し支援など)</li>,かながわ外国人すまいサポートセンター,"<p><a target=""_blank"" rel=""noopener noreferrer""  href=""http://sumasen.com/"">公式ホームページをのぞいてみる</a></p>",1,0,外国籍,
163,22,<li>日本在住の外国籍の人を支援（相談 教育支援など)</li>,外国人相談支援センター,"<p><a target=""_blank"" rel=""noopener noreferrer""  href=""https://www.gic.or.jp/foreigner/consultation/"">公式ホームページをのぞいてみる</a></p>",1,0,外国籍,行政庁から認定を受けた「公益」法人となっています
164,30,<li>日本在住の外国籍の人を支援（相談など)</li>,コリアNGOセンター,"<p><a target=""_blank"" rel=""noopener noreferrer""  href=""http://korea-ngo.org/"">公式ホームページをのぞいてみる</a></p>",1,0,外国籍,
165,30,<li>日本在住の外国籍の人を支援（相談など)</li>,すべての外国人労働者とその家族の人権を守る関西ネットワーク  ,"<p><a target=""_blank"" rel=""noopener noreferrer""  href=""https://rink-osaka.com/"">公式ホームページをのぞいてみる</a></p>",1,0,外国籍,
166,30,<li>日本在住の外国籍の人を支援（相談など)</li>,在日難民との共生ネットワーク,"<p><a target=""_blank"" rel=""noopener noreferrer""  href=""http://rafiq.jp/"">公式ホームページをのぞいてみる</a></p>",1,0,外国籍,
167,31,<li>日本在住の外国籍の人を支援（相談 教育支援など)</li>,NGO神戸外国人救援ネット,"<p><a target=""_blank"" rel=""noopener noreferrer""  href=""http://gqnet.webcrow.jp/"">公式ホームページをのぞいてみる</a></p>",1,0,外国籍,
168,41,<li>日本在住の外国籍の人を支援(相談 物資提供 緊急の住まいを提供 通訳サービスなど)</li><li>緊急の住まいを提供</li><li>ＤＶに関する相談できる</li><li>女性を重点的に支援</li>,"NPO法人
女性エンパワーメントセンター福岡","<p><a target=""_blank"" rel=""noopener noreferrer""  href=""http://empower-f.main.jp/"">公式ホームページをのぞいてみる</a></p>",1,0,外国籍 女性 住居 DV,
169,41,<li>食料の無料提供</li>,NPO法人フードバンク福岡,"<p><a target=""_blank"" rel=""noopener noreferrer""  href=""https://www.fbfukuoka.net/"">公式ホームページをのぞいてみる</a></p>",1,0,食料,
170,41,<li>食料の無料提供</li>,NPO法人フードバンク北九州ライフアゲイン,"<p><a target=""_blank"" rel=""noopener noreferrer""  href=""https://fbkitaq.net/"">公式ホームページをのぞいてみる</a></p>",1,0,食料,
171,24,<li>日本在住の外国籍の人を支援（相談など)</li>,名古屋難民支援室,"<p><a target=""_blank"" rel=""noopener noreferrer""  href=""http://www.door-to-asylum.jp/for_refugees_and_asylum_seekers.html"">公式ホームページをのぞいてみる</a></p>",1,0,外国籍,
172,1,<li>日本在住の外国籍の人を支援（相談など)</li>,なんみんフォーラム,"<p><a target=""_blank"" rel=""noopener noreferrer""  href=""http://frj.or.jp/for/"">公式ホームページをのぞいてみる</a></p>",1,0,外国籍,
173,1,<li>日本在住の外国籍の人を支援（相談など)</li>,社会福祉法人日本国際社会事業団,"<p><a target=""_blank"" rel=""noopener noreferrer""  href=""https://www.issj.org/"">公式ホームページをのぞいてみる</a></p>",1,0,外国籍,
174,1,<li>日本在住の外国籍の人を支援（相談 教育支援など)</li>,社会福祉法人さぽうと21,"<p><a target=""_blank"" rel=""noopener noreferrer""  href=""https://support21.or.jp/needsupport/"">公式ホームページをのぞいてみる</a></p>",1,0,外国籍,
175,1,<li>生活一般についてチャットで相談できる</li>,NPO法人東京メンタルヘルススクエア,"<p><a target=""_blank"" rel=""noopener noreferrer""  href=""https://www.npo-tms.or.jp/service/sns.html"">公式ホームページをのぞいてみる</a></p>",1,0,相談,大阪府から居住支援法人に指定されています
176,1,<li>生活一般について、メール・電話で相談できる</li><li>就職を支援</li>,NPO法人Homedoor,"<p><a target=""_blank"" rel=""noopener noreferrer""  href=""https://www.homedoor.org/consultation/"">公式ホームページをのぞいてみる</a></p>",1,0,相談 仕事 生活費,大阪府から居住支援法人に指定されています
177,30,<li>生活一般について、対面・メール・電話で相談できる</li><li>緊急の住まいを提供</li><li>就職を支援</li>,NPO法人Homedoor,"<p><a target=""_blank"" rel=""noopener noreferrer""  href=""https://www.homedoor.org/consultation/"">公式ホームページをのぞいてみる</a></p>",1,0,相談 住居 仕事 生活費,
178,30,<li>セクシュアルマイノリティーを支援</li>,NPO法人QUAC,"<p><a target=""_blank"" rel=""noopener noreferrer""  href=""https://qwrc.jimdofree.com/%E7%9B%B8%E8%AB%87%E3%81%99%E3%82%8B/"">公式ホームページをのぞいてみる</a></p>",1,0,LGBT,
179,1,<li>生活困窮者自立支援制度</li>,厚生労働省,"<p><a target=""_blank"" rel=""noopener noreferrer""  href=""https://minna-tunagaru.jp/know/#a-01"">制度の詳細説明を見る</a></p> <p><a target=""_blank"" rel=""noopener noreferrer""  href=""https://www.wam.go.jp/wamappl/cssearch.nsf/vlist/top?open#"">利用する時の窓口を検索する</a></p>",1,1,相談 生活費 住居 食料 仕事 医療 シングル 外国籍,この制度は、生活保護水準でなくても、生活や将来に不安がある人が相談してサポートを受けられる制度です　サービス内容としては自立支援プランの作成・家賃の支給・就労支援・物資や仮の住まいの提供・子供への学習支援です　
180,1,<li>新型コロナウイルスの影響で賃金を得られなくなった人に、賃金分を支給</li>,厚生労働省,"<p><a target=""_blank"" rel=""noopener noreferrer""  href=""https://www.mhlw.go.jp/stf/kyugyoshienkin.html"">休業支援金~厚生労働省</a></p>",1,1,仕事 生活費 食料,雇い主を通さずに個人で利用できます　過去の休業時の分を遡って請求できます
181,1,<li>新型コロナウイルスの影響で賃金を得られなくなった人に、賃金分を支給</li>,厚生労働省,"<p><a target=""_blank"" rel=""noopener noreferrer""  href=""https://www.mhlw.go.jp/stf/seisakunitsuite/bunya/koyou_roudou/koyou/kyufukin/pageL07.html"">雇用調整助成金~厚生労働省</a></p>",1,1,仕事 生活費 食料,会社が利用する制度であり、個人で直接利用することはできません　雇い主に利用を要求することをお勧めします
182,1,<li>緊急小口資金</li><li>生活が厳しい時に、最大20万円を一時的に無利子で貸し付け</li>,厚生労働省,"<p><a target=""_blank"" rel=""noopener noreferrer""  href=""https://corona-support.mhlw.go.jp/seikatsufukushi/samout/index.html"">緊急小口資金の利用方法</a></p>",1,1,相談 生活費 住居 食料 仕事 医療 シングル 外国籍,返済必要 住民税非課税の場合は免除の場合あり 申請期限は2021年6月
183,1,<li>総合支援資金</li><li>生活が厳しい時に、最大月20万円を継続的に無利子で貸し付け</li>,厚生労働省,"<p><a target=""_blank"" rel=""noopener noreferrer""  href=""https://corona-support.mhlw.go.jp/seikatsufukushi/general/index.html"">総合支援資金の利用方法</a></p>",1,1,相談 生活費 住居 食料 仕事 医療 シングル 外国籍,返済必要 住民税非課税の場合は免除の場合あり 申請期限は2021年6月
184,1,<li>生活保護</li>,厚生労働省/福祉事務所,"<p><a target=""_blank"" rel=""noopener noreferrer""  href=""https://www.mhlw.go.jp/stf/seisakunitsuite/bunya/hukushi_kaigo/seikatsuhogo/seikatsuhogopage.html"">生活保護利用者に向けて~厚生労働省</a></p> <p><a target=""_blank"" rel=""noopener noreferrer""  href=""https://www.npomoyai.or.jp/seikatsuhogo"">利用の流れ・注意点~認定NPOもやい</a></p>    <p><a target=""_blank"" rel=""noopener noreferrer""  href=""https://www.yellowpagesmalta.com/archives/597"">お近くの福祉事務所を探す</a></p>",0,1,生活費 住居 食料 仕事 医療 シングル,納得できない取扱いがあれば利用を支援してくれるNPOがあるので、そちらの利用をお勧めします
185,1,<li>住居確保給付金</li><li>生計が苦しい場合に家賃相当分を支給</li>,厚生労働省,"<p><a target=""_blank"" rel=""noopener noreferrer""  href=""https://corona-support.mhlw.go.jp/jukyokakuhokyufukin/index.html"">住居確保給付金について</a></p>",1,1,相談 生活費 住居 食料 仕事 医療 シングル 外国籍,
186,1,<li>求職者支援制度</li><li>職業訓練と訓練期間中の給付金を提供</li>,厚生労働省,"<p><a target=""_blank"" rel=""noopener noreferrer""  href=""https://www.mhlw.go.jp/stf/seisakunitsuite/bunya/koyou_roudou/koyou/kyushokusha_shien/index.html"">制度の詳細説明を見る</a></p> <p><a target=""_blank"" rel=""noopener noreferrer""  href=""https://www.hellowork.mhlw.go.jp/kensaku/GECA150010.do?action=initDisp&screenId=GECA150010"">利用時の連絡窓口を探す</a></p>",1,1,仕事 生活費,
187,1,<li>生活一般について、電話・メールで相談できる</li>,一般社団法人いのちの電話,"<p><a target=""_blank"" rel=""noopener noreferrer""  href=""https://www.inochinodenwa.org/soudan.php"">いのちの電話利用を検討してみる</a></p>",1,0,相談,
188,17,<li>日本在住の外国籍の人を支援（相談）</li>,船橋市外国人総合相談窓口,"<p><a target=""_blank"" rel=""noopener noreferrer""  href=""https://www.funabashi-multilingual.info/"">公式ホームページをのぞいてみるで詳細を確認する</a></p>",1,1,相談,
189,17,<li>日本在住の外国籍の人を支援（相談）</li>,成田市外国人総合相談窓口,"<p><a target=""_blank"" rel=""noopener noreferrer""  href=""https://www.city.narita.chiba.jp/environment/page0122_00036.html"">公式ホームページをのぞいてみるで詳細を確認する</a></p>",1,1,相談,
190,15,<li>日本在住の外国籍の人を支援（相談）</li>,桐生市外国人総合相談窓口,"<p><a target=""_blank"" rel=""noopener noreferrer""  href=""https://www.city.kiryu.lg.jp/kurashi/soudan/1001299.html"">公式ホームページをのぞいてみるで詳細を確認する</a></p>",1,1,相談,
191,31,<li>食料の無料提供</li>,フードバンク関西,"<p><a target=""_blank"" rel=""noopener noreferrer""  href=""https://foodbankkansai.org/receive-food/receive-food-individual/"">公式ホームページをのぞいてみる</a></p>",1,0,食料,
192,1,<li>医療に関する相談をできる</li><li>日本在住の外国籍の人を支援（医療相談 翻訳や通訳のサービスなど）</li>,AMDA国際医療情報センター,"<p><a target=""_blank"" rel=""noopener noreferrer""  href=""https://www.amdamedicalcenter.com/"">公式ホームページをのぞいてみる</a></p>",1,0,外国人 医療,
193,4,<li>低額所得者・被災者・高齢者・障碍者・子育て世代が住まいを確保するのを支援</li><li>子ども食堂を開催</li>,NPO法人いなほ,"<p><a target=""_blank"" rel=""noopener noreferrer""  href="""">公式ホームページをのぞいてみる</a></p>",1,0,住居 食料,
194,6,<li>緊急の住まいを提供</li><li>住まい探しを支援</li>,NPO法人むさし,"<p><a target=""_blank"" rel=""noopener noreferrer""  href=""https://smile-musashi.jp/"">公式ホームページをのぞいてみる</a></p>",1,0,住居,宮城県から居住支援法人に指定されています
195,15,<li>住まい探しを支援</li><li>交流会開催/居場所づくり</li>,認定NPO法人じゃんけんぽん,"<p><a target=""_blank"" rel=""noopener noreferrer""  href=""https://www.jankenpon.jp/action/"">公式ホームページをのぞいてみる</a></p>",1,0,住居 孤立,群馬県から居住支援法人に指定されています
196,18,<li>住まい探しを支援</li><li>交流会開催/居場所づくり</li><li>シングルマザー/ファザーを支援</li>,NPO法人リトルワンズ,"<p><a target=""_blank"" rel=""noopener noreferrer""  href=""https://www.npolittleones.com/about-us/"">公式ホームページをのぞいてみる</a></p>",1,0,住居 孤立 相談 シングル,東京都から居住支援法人に指定されています
197,18,<li>住まい探し支援</li><li>緊急の住まいを提供</li><li>シングルマザー/ファザーを支援</li>,NPO法人コレクティブハウジング社,"<p><a target=""_blank"" rel=""noopener noreferrer""  href=""https://chc.or.jp/collaborations/resident-support.html"">公式ホームページをのぞいてみる</a></p>",1,0,住居 シングル,東京都から居住支援法人に指定されています
198,18,<li>住まい探し支援</li><li>交流会開催/居場所づくり</li>,NPO法人せたがや福祉サポートセンター,"<p><a target=""_blank"" rel=""noopener noreferrer""  href=""https://setagaya-npolink.jp/"">公式ホームページをのぞいてみる</a></p>",1,0,住居 孤立,東京都から居住支援法人に指定されています
199,18,<li>住まい探し支援</li><li>交流会開催/居場所づくり</li><li>緊急の住まいを提供</li>,NPO法人東京ソテリア,"<p><a target=""_blank"" rel=""noopener noreferrer""  href=""https://soteria.jp/"">公式ホームページをのぞいてみる</a></p>",1,0,住居 孤立,東京都から居住支援法人に指定されています
200,18,<li>住まい探し支援</li>,社会福祉法人悠悠会,"<p><a target=""_blank"" rel=""noopener noreferrer""  href=""http://www.yuyuen.com/anshin/"">公式ホームページをのぞいてみる</a></p>",1,0,住居,東京都から居住支援法人に指定されています
201,18,<li>住まい探し支援</li>,NPO法人こうでねいと,"<p><a target=""_blank"" rel=""noopener noreferrer""  href=""https://t-coudeneito.com/"">公式ホームページをのぞいてみる</a></p>",1,0,住居,東京都から居住支援法人に指定されています
202,18,<li>住まい探し支援</li><li>シングルマザー/ファザーを支援</li><li>子ども食堂を開催</li>,NPO法人豊島子どもWAUWAKUネットワーク,"<p><a target=""_blank"" rel=""noopener noreferrer""  href=""https://toshimawakuwaku.com/"">公式ホームページをのぞいてみる</a></p>",1,0,住居 シングル 食料,東京都から居住支援法人に指定されています
203,18,<li>就職を支援</li>,NPO法人エヌフィット,"<p><a target=""_blank"" rel=""noopener noreferrer""  href=""http://n-fit.org/"">公式ホームページをのぞいてみる</a></p>",1,0,仕事,東京都から居住支援法人に指定されています
204,19,<li>住居</li>,認定NPO法人ぐるーぷ藤,"<p><a target=""_blank"" rel=""noopener noreferrer""  href=""https://npo-fuji.com/kaigo-shogai-service/sumairu-fuji/"">公式ホームページをのぞいてみる</a></p>",1,0,住居,神奈川県から居住支援法人に指定されています</li><li>行政による審査を受けた「認定」NPOとなっています
205,19,<li>食料の無料提供</li><li>住まい探し支援</li>,NPO法人ワンエイド,"<p><a target=""_blank"" rel=""noopener noreferrer""  href=""http://own-aid.com/"">公式ホームページをのぞいてみる</a></p>",1,0,住居 食料,神奈川県から居住支援法人に指定されています
206,9,<li>住まい探し支援</li>,一般社団法人にいがた入居支援センター,"<p><a target=""_blank"" rel=""noopener noreferrer""  href=""https://niigata-nss.jimdofree.com/"">公式ホームページをのぞいてみる</a></p>",1,0,住居,新潟県から居住支援法人に指定されています
207,12,<li>住まい探し支援</li>,NPO法人まちかど保健室you,"<p><a target=""_blank"" rel=""noopener noreferrer""  href=""https://machikado-you.amebaownd.com/"">公式ホームページをのぞいてみる</a></p>",1,0,住居,福井県から居住支援法人に指定されています
208,20,<li>住まい探し支援</li>,協同組合山梨県ＦＰセンター,"<p><a target=""_blank"" rel=""noopener noreferrer""  href=""https://www.fpc-yamanasi.com/yfp_kyojyusien/"">公式ホームページをのぞいてみる</a></p>",1,0,住居,山梨県から居住支援法人に指定されています
209,20,<li>住まい探し支援</li><li>緊急の住まいを提供</li>,社会福祉法人光風会,"<p><a target=""_blank"" rel=""noopener noreferrer""  href=""http://www.koufuukai-yamanashi.or.jp/"">公式ホームページをのぞいてみる</a></p>",1,0,住居,山梨県から居住支援法人に指定されています
210,22,<li>住まい探し支援</li><li>交流会開催/居場所づくり</li><li>生活一般について対面で相談をできる</li>,社会福祉法人岐阜羽島市活動支援センター,"<p><a target=""_blank"" rel=""noopener noreferrer""  href=""https://www.volavola.org/index.html"">公式ホームページをのぞいてみる</a></p>",1,0,相談 住居 孤立,岐阜県から居住支援法人に指定されています
211,22,<li>住まい探し支援</li>,一般社団法人 若者サポート nanairo,"<p><a target=""_blank"" rel=""noopener noreferrer""  href=""https://nanairo77.com/residence/index.html"">公式ホームページをのぞいてみる</a></p>",1,0,住居,岐阜県から居住支援法人に指定されています
212,23,<li>生活一般について対面で相談をできる</li><li>交流会開催/居場所づくり</li><li>住まい探し支援</li>,NPO法人WAC清水さわゆかサービス,"<p><a target=""_blank"" rel=""noopener noreferrer""  href=""http://wac-shimizu.com/"">公式ホームページをのぞいてみる</a></p>",1,0,住居,静岡県から居住支援法人に指定されています
213,23,<li>住まい探し支援</li><li>就職を支援</li>,社会福祉法人天竜厚生会,"<p><a target=""_blank"" rel=""noopener noreferrer""  href=""http://www.tenryu-kohseikai.or.jp/"">公式ホームページをのぞいてみる</a></p>",1,0,住居,静岡県から居住支援法人に指定されています
214,24,<li>住まい探し支援</li>,認定NPO法人たすけあい名古屋,"<p><a target=""_blank"" rel=""noopener noreferrer""  href=""http://tasukeainagoya.com/services/safety/"">公式ホームページをのぞいてみる</a></p>",1,0,住居,愛知県から居住支援法人に指定されています</li><li>行政から審査を受けた「認定」NPO法人となっています
215,24,<li>住まい探し支援</li>,公益財団法人愛知共同住宅協会,"<p><a target=""_blank"" rel=""noopener noreferrer""  href=""http://mimamori-oya.jp/"">公式ホームページをのぞいてみる</a></p>",1,0,住居,愛知県から居住支援法人に指定されています
216,24,<li>交流会開催/居場所づくり</li><li>住まい探し支援</li>,NPO法人あたたかい心,"<p><a target=""_blank"" rel=""noopener noreferrer""  href=""https://www.atatakai-kokoro.or.jp/"">公式ホームページをのぞいてみる</a></p>",1,0,住居 孤立,愛知県から居住支援法人に指定されています
217,24,<li>住まい探し支援</li>,NPO法人たすけあい三河,"<p><a target=""_blank"" rel=""noopener noreferrer""  href=""https://wacnet.jp/tasukeai/"">公式ホームページをのぞいてみる</a></p>",1,0,住居,愛知県から居住支援法人に指定されています
218,24,<li>交流会開催/居場所づくり</li><li>住まい探し支援</li>,NPO法人ノッポの会,"<p><a target=""_blank"" rel=""noopener noreferrer""  href=""https://www.noppo-no-kai.jp/"">公式ホームページをのぞいてみる</a></p>",1,0,住居 孤立,愛知県から居住支援法人に指定されています
219,24,<li>交流会開催/居場所づくり</li><li>住まい探し支援</li>,NPO法人れんこん村のわくわくネットワーク,"<p><a target=""_blank"" rel=""noopener noreferrer""  href=""https://renkonmura.org/home"">公式ホームページをのぞいてみる</a></p>",1,0,住居 孤立,愛知県から居住支援法人に指定されています
220,24,<li>住まい探し支援</li>,NPO法人ことだま,"<p><a target=""_blank"" rel=""noopener noreferrer""  href=""https://pur-esprit.com/npo/"">公式ホームページをのぞいてみる</a></p>",1,0,住居,愛知県から居住支援法人に指定されています
221,24,<li>住まい探し支援</li>,社会福祉法人愛恵協会,"<p><a target=""_blank"" rel=""noopener noreferrer""  href=""http://www.aikei-k.or.jp/"">公式ホームページをのぞいてみる</a></p>",1,0,住居,愛知県から居住支援法人に指定されています
222,24,<li>住まい探し支援</li>,NPO法人ファミリーステーションRin,"<p><a target=""_blank"" rel=""noopener noreferrer""  href=""https://www.npo-rin.org/"">公式ホームページをのぞいてみる</a></p>",1,0,住居,愛知県から居住支援法人に指定されています
223,24,<li>住まい探し支援</li>,NPO法人くらし応援ネットワーク,"<p><a target=""_blank"" rel=""noopener noreferrer""  href=""https://www.kurashi-o-en.org/"">公式ホームページをのぞいてみる</a></p>",1,0,住居,愛知県から居住支援法人に指定されています
224,24,<li>住まい探し支援</li><li>就職を支援</li>,一般社団法人JAWS,"<p><a target=""_blank"" rel=""noopener noreferrer""  href=""https://www.jobaws.or.jp/"">公式ホームページをのぞいてみる</a></p>",1,0,住居 仕事,愛知県から居住支援法人に指定されています
225,24,<li>引きこもりの社会参加を支援</li>,NPO法人オレンジの会,"<p><a target=""_blank"" rel=""noopener noreferrer""  href=""https://orange-net.info/"">公式ホームページをのぞいてみる</a></p>",1,0,孤立,
226,24,<li>緊急の住まいを提供</li><li>交流会開催/居場所づくり</li><li>緊急の住まいを提供</li>,認定NPO法人からし種,"<p><a target=""_blank"" rel=""noopener noreferrer""  href=""http://karashidane.org/"">公式ホームページをのぞいてみる</a></p>",1,0,孤立 住居,行政から審査を受けた「認定」NPO法人となっています
227,24,<li>名古屋市在住の0歳から39歳の子供若者とその保護者が、チャット・メール・電話・対面で相談できる</li><li>交流会開催/居場所づくり</li>,名古屋子供若者総合相談センター,"<p><a target=""_blank"" rel=""noopener noreferrer""  href=""https://cowaka.net/"">公式ホームページをのぞいてみる</a></p>",1,0,孤立 相談,名古屋市から委託を受けています
228,24,<li>生活一般について、メール・電話・対面で相談できる</li>,名古屋仕事暮らし自立サポートセンター,"<p><a target=""_blank"" rel=""noopener noreferrer""  href=""http://support-nagoya.jp/?page_id=16"">公式ホームページをのぞいてみる</a></p>",1,0,相談,
229,2,<li>シングルマザーを支援（交流会開催/居場所づくりや食料支援など）</li>,NPO法人しんぐるまざぁず・ふぉーらむ北海道,"<p><a target=""_blank"" rel=""noopener noreferrer""  href=""https://smf-hokkaido.com/%e6%b4%bb%e5%8b%95%e5%86%85%e5%ae%b9/"">公式ホームページをのぞいてみる</a></p>",1,0,シングル,
230,8,<li>シングルマザーを支援（交流会開催/居場所づくりや食料支援など）</li>,NPO法人しんぐるまざぁず・ふぉーらむ福島,"<p><a target=""_blank"" rel=""noopener noreferrer""  href=""http://smff.jp/"">公式ホームページをのぞいてみる</a></p>",1,0,シングル,
231,19,<li>シングルマザー/ファザーを支援（交流会開催/居場所づくりや食料支援など）</li>,よこすかひとり親サポーターズ・ひまわり,"<p><a target=""_blank"" rel=""noopener noreferrer""  href=""http://blog.livedoor.jp/yokosuka_himawari/"">公式ホームページをのぞいてみる</a></p>",1,0,シングル,
232,12,<li>シングルマザー/ファザーを支援（交流会開催/居場所づくりや食料支援など）</li>,女性の社会生活活動部フルード,"<p><a target=""_blank"" rel=""noopener noreferrer""  href=""http://fruid.org/"">公式ホームページをのぞいてみる</a></p>",1,0,シングル,
233,10,<li>シングルマザー/ファザーを支援（交流会開催/居場所づくりや食料支援など）</li><li>DV被害者支援</li>,NPO法人えがおプジェクト,"<p><a target=""_blank"" rel=""noopener noreferrer""  href=""https://www.egao-project.org/"">公式ホームページをのぞいてみる</a></p>",1,0,シングル DV,
234,23,<li>シングルマザーを支援（離婚手続きや食料の支援など）</li>,Single Parent 101,"<p><a target=""_blank"" rel=""noopener noreferrer""  href=""https://singleparent101.localinfo.jp/"">公式ホームページをのぞいてみる</a></p>",1,0,シングル,
235,26,<li>シングルマザーを支援（食料の支援など）</li>,NPO法人太陽の家,"<p><a target=""_blank"" rel=""noopener noreferrer""  href=""https://taiyounoie2015.com/"">公式ホームページをのぞいてみる</a></p>",1,0,シングル,
236,22,<li>シングルマザーを支援（相談事業など）</li>,シングルマザーとその子どもたちの会～freely～,"<p><a target=""_blank"" rel=""noopener noreferrer""  href=""https://singlemams-freely.com/"">公式ホームページをのぞいてみる</a></p>",1,0,シングル,
237,30,<li>シングルマザーを支援（相談事業など）</li>,NPO法人しんぐるまざぁず・ふぉーらむ関西,"<p><a target=""_blank"" rel=""noopener noreferrer""  href=""https://smf-kansai.main.jp/"">公式ホームページをのぞいてみる</a></p>",1,0,シングル,
238,37,<li>シングルマザーを支援（相談事業など）</li>,ひとり親パートナーズ,"<p><a target=""_blank"" rel=""noopener noreferrer""  href=""https://peraichi.com/landing_pages/view/kagawahitorioya"">公式ホームページをのぞいてみる</a></p>",1,0,シングル,
239,32,<li>シングルマザー/ファザーを支援（交流会開催/居場所づくりや食料支援など）</li><li>DV被害者支援</li>,認定NPO法人ハーモニーネット未来,"<p><a target=""_blank"" rel=""noopener noreferrer""  href=""http://hamomira.or.jp/"">公式ホームページをのぞいてみる</a></p>",1,0,シングル,行政から審査を受けた「認定」NPO法人となっています
240,36,<li>シングルマザー/ファザーを支援（交流会開催/居場所づくりや食料支援など）</li>,.Style（ドットスタイル）,"<p><a target=""_blank"" rel=""noopener noreferrer""  href=""https://dot-style.org/"">公式ホームページをのぞいてみる</a></p>",1,0,シングル,
241,38,<li>シングルマザー/ファザーを支援（交流会開催/居場所づくりや食料支援など）</li>,シングルマザー交流会松山,"<p><a target=""_blank"" rel=""noopener noreferrer""  href=""https://www.facebook.com/singlemathermatsuyama/"">公式SNSをのぞいてみる</a></p>",1,0,シングル,
242,34,<li>シングルマザー/ファザーを支援（交流会開催/居場所づくりや食料支援など）</li>,シングルマザーズフォーラム出雲,"<p><a target=""_blank"" rel=""noopener noreferrer""  href=""https://www.facebook.com/singleizumo/"">公式SNSをのぞいてみる</a></p>",1,0,シングル,
243,47,<li>シングルマザー/ファザーを支援（食料支援など）</li>,シングルマザーズフォーラム沖縄,"<p><a target=""_blank"" rel=""noopener noreferrer""  href=""https://www.facebook.com/smf.okinawa/"">公式SNSをのぞいてみる</a></p>",1,0,シングル,
244,41,<li>シングルマザー/ファザーを支援（食料支援など）</li>,シングルマザーズフォーラム福岡,"<p><a target=""_blank"" rel=""noopener noreferrer""  href=""https://www.smff.or.jp/"">公式ホームページをのぞいてみる</a></p>",1,0,シングル,
245,30,<li>住まい探しを支援（身元保証や見守り支援）</li>,NPO法人大阪市市民生活支援センター,"<p><a target=""_blank"" rel=""noopener noreferrer""  href=""https://npo-ols.jimdofree.com/"">公式ホームページをのぞいてみる</a></p>",1,0,住居,大阪府から居住支援法人に指定されています
246,30,<li>住まい探しを支援（身元保証や見守り支援）</li>,NPO法人南市岡地域活動協議会・住みサポ,"<p><a target=""_blank"" rel=""noopener noreferrer""  href=""https://www.sumisapo.net/"">公式ホームページをのぞいてみる</a></p>",1,0,住居,大阪府から居住支援法人に指定されています
247,30,<li>住まい探しを支援（身元保証や見守り支援）</li><li>交流会開催/居場所づくり</li><li>生活一般について、電話・対面で相談をできる</li>,一般社団法人ヒューマンライツ協会・ゆ～とあい,"<p><a target=""_blank"" rel=""noopener noreferrer""  href=""http://www.s-you-i.jp/"">公式ホームページをのぞいてみる</a></p>",1,0,住居,大阪府から居住支援法人に指定されています
248,1,<li>食料の無料提供</li>,日本もったいない食品センター,"<p><a target=""_blank"" rel=""noopener noreferrer""  href=""https://www.mottainai-shokuhin-center.org/"">公式ホームページをのぞいてみる</a></p>",1,0,食料,
249,31,<li>生活一般について、電話・対面・メールで相談できる</li>,NPO法人神戸の冬を支える会,"<p><a target=""_blank"" rel=""noopener noreferrer""  href=""http://kobe-fuyu.org/"">公式ホームページをのぞいてみる</a></p>",1,0,相談,兵庫県から居住支援法人に指定されています
250,6,<li>食料の無料提供</li><li>子供の学習・生活を支援</li><li>子ども食堂を開催</li>,NPO法人アスイク,"<p><a target=""_blank"" rel=""noopener noreferrer""  href=""https://asuiku.org/"">公式ホームページをのぞいてみる</a></p>",1,0,食料,"<p><a target=""_blank"" rel=""noopener noreferrer"" href=""https://asuiku.org/post-10001/"">NHKで活動が取り上げられています</a></p>"
251,19,<li>女性の生活一般について、電話・対面で相談できる</li><li>労働のトラブルに関する相談をできる</li>,NPO法人かながわ女のスペースうずら,"<p><a target=""_blank"" rel=""noopener noreferrer""  href=""http://www.mizura.jp/"">公式ホームページをのぞいてみる</a></p>",1,0,相談 労働問題 女性,団体の理事が相模原市や横浜市の審議会委員として活躍しています
252,19,<li>DVについて、電話・メールで相談できる</li>,NPO法人女性人権支援センターステップ,"<p><a target=""_blank"" rel=""noopener noreferrer""  href=""https://www.npo-step.org/"">公式ホームページをのぞいてみる</a></p>",1,0,DV 女性,
253,19,<li>性暴力について、電話で相談できる</li>,認定NPO法人神奈川被害者支援センター,"<p><a target=""_blank"" rel=""noopener noreferrer""  href=""http://kanagawa-vsc.or.jp/"">公式ホームページをのぞいてみる</a></p>",1,0,性暴力,行政から審査を受けた「認定」NPO法人となっています
254,19,<li>女性の生活一般について、電話で相談できる</li>,NPO法人ウィメンズハウス花みずき,"<p><a target=""_blank"" rel=""noopener noreferrer""  href=""https://joseisoudan.com/"">公式ホームページをのぞいてみる</a></p>",1,0,女性 相談,
255,19,<li>交流イベントを開催</li><li>電話・対面で相談できる</li><li>コミュニティスペースを用意</li>,NPO法人SHIPにじいろキャビン,"<p><a target=""_blank"" rel=""noopener noreferrer""  href=""http://ship-web.com/cabin"">公式ホームページをのぞいてみる</a></p>",1,0,LGBT,
256,32,<li>すまい探し支援</li>,認定NPO法人おかやま入居支援センター,"<p><a target=""_blank"" rel=""noopener noreferrer""  href=""https://okayama-nyukyoshien.org/"">公式ホームページをのぞいてみる</a></p>",1,0,住居,行政から審査を受けた「認定」NPO法人となっています
257,27,<li>食料の無料提供</li>,NPO法人フードバンク和歌山,"<p><a target=""_blank"" rel=""noopener noreferrer""  href=""http://www.foodbank-wakayama.com/"">公式ホームページをのぞいてみる</a></p>",1,0,食料,
258,32,<li>緊急の住まいを提供</li><li>生活一般について、対面で相談できる</li><li>住まい探し支援</li>,NPO法人おかやまUFE,"<p><a target=""_blank"" rel=""noopener noreferrer""  href=""https://utenti.click/"">公式ホームページをのぞいてみる</a></p>",1,0,住居 相談,岡山県から居住支援法人に指定されています
259,34,<li>地域総合支援(生活一般について相談できる　就職支援、学習支援、生活支援、住まい探し支援)</li>,社会福祉法人こうほうえん,"<p><a target=""_blank"" rel=""noopener noreferrer""  href=""https://www.kohoen.jp/regionalsupport/"">公式ホームページをのぞいてみる</a></p>",1,0,仕事 相談 住居,鳥取県から居住支援法人に指定されています
260,35,<li>住まい探し支援</li>,NPO法人地域ネットくれんど,"<p><a target=""_blank"" rel=""noopener noreferrer""  href=""http://kurend.com/publics/index/70/"">公式ホームページをのぞいてみる</a></p>",1,0,住居,広島県から居住支援法人に指定されています
261,35,<li>住まい探し支援</li><li>児童養護施設、里親家庭、児童自立支援施設などで暮らしたことのある方に対する相談、同行などのサポートと、同じ立場の方が交流できる居場所、イベントを開催</li>,NPO法人どりぃむスイッチ,"<p><a target=""_blank"" rel=""noopener noreferrer""  href=""https://dreamswitch.or.jp/"">公式ホームページをのぞいてみる</a></p>",1,0,住居,広島県から居住支援法人に指定されています
262,36,<li>住まい探し支援</li>,NPO法人優喜会,"<p><a target=""_blank"" rel=""noopener noreferrer""  href=""https://yu-kikai.org/housing_support/"">公式ホームページをのぞいてみる</a></p>",1,0,住居,山口県から居住支援法人に指定されています
263,38,<li>住まい探し支援</li><li>空き家を利用したシェアハウスの運営</li><li>キッチンカーを利用したカフェで居場所づくり</li>,NPO法人ささえる,"<p><a target=""_blank"" rel=""noopener noreferrer""  href=""https://sasael.org/"">公式ホームページをのぞいてみる</a></p>",1,0,孤立 住居,愛媛県から居住支援法人に指定されています
264,39,<li>住まい探し支援</li>,NPO法人あまやどり高知,"<p><a target=""_blank"" rel=""noopener noreferrer""  href=""http://amayadori-kochi.jp/index.html"">公式ホームページをのぞいてみる</a></p>",1,0,住居,高知県から居住支援法人に指定されています
265,41,<li>住まい探し支援</li>,一般社団法人生活支援センター結,"<p><a target=""_blank"" rel=""noopener noreferrer""  href=""https://you-i.net/"">公式ホームページをのぞいてみる</a></p>",1,0,住居,福岡県から居住支援法人に指定されています
266,41,<li>住まい探し支援</li>,NPO法人セーフティネットNeedsMe,"<p><a target=""_blank"" rel=""noopener noreferrer""  href=""http://kyoju-sien.com/"">公式ホームページをのぞいてみる</a></p>",1,0,住居,福岡県から居住支援法人に指定されています
267,41,<li>住まい探し支援</li><li>福岡市から委託を受けた自立支援事業</li><li>生活一般について、電話・WEB・対面で相談できる</li>,NPO法人福岡すまいの会,"<p><a target=""_blank"" rel=""noopener noreferrer""  href=""https://sumainokai.sakura.ne.jp/index.html"">公式ホームページをのぞいてみる</a></p>",1,0,住居 相談,福岡県から居住支援法人に指定されています
268,41,<li>住まい探し支援</li><li>日常生活の困りごとを総合的に受け付け、専門家に対処してもらえる</li>,NPO法人大牟田ライフサポートセンター,"<p><a target=""_blank"" rel=""noopener noreferrer""  href=""https://www.olsc.jp/"">公式ホームページをのぞいてみる</a></p>",1,0,住居 相談,福岡県から居住支援法人に指定されています
269,43,<li>住まい探し支援</li>,NPO法人空家・空地活用サポートSAGA,"<p><a target=""_blank"" rel=""noopener noreferrer""  href=""https://sora-sora-saga.com/"">公式ホームページをのぞいてみる</a></p>",1,0,住居,佐賀県から居住支援法人に指定されています
270,43,<li>住まい探し支援</li><li>居場所づくり</li>,NPO法人市民生活支援センターふくしの家,"<p><a target=""_blank"" rel=""noopener noreferrer""  href=""https://fukushinoie-saga.com/"">公式ホームページをのぞいてみる</a></p>",1,0,住居 孤立,佐賀県から居住支援法人に指定されています
271,44,<li>住まい探し支援</li>,NPO法人地域たすけあいの会,"<p><a target=""_blank"" rel=""noopener noreferrer""  href=""https://tiikitasukeainokai.wordpress.com/"">公式ホームページをのぞいてみる</a></p>",1,0,住居,熊本県から居住支援法人に指定されています
272,48,<li>住まい探し支援</li>,NPO法人たすけあい組織鼓楼鞠,"<p><a target=""_blank"" rel=""noopener noreferrer""  href=""http://koroh.x0.com/#"">公式ホームページをのぞいてみる</a></p>",1,0,住居,大分県から居住支援法人に指定されています
273,48,<li>住まい探し支援</li>,NPO法人住むケアおおいた,"<p><a target=""_blank"" rel=""noopener noreferrer""  href=""http://www.sumukeaoita.com/"">公式ホームページをのぞいてみる</a></p>",1,0,住居,大分県から居住支援法人に指定されています
274,45,<li>住まい探し支援</li>,NPO法人宮崎文化本舗,"<p><a target=""_blank"" rel=""noopener noreferrer""  href=""http://www.bunkahonpo.or.jp/"">公式ホームページをのぞいてみる</a></p>",1,0,住居,宮崎県から居住支援法人に指定されています
275,46,<li>住まい探し支援</li>,NPO法人やどかりサポート鹿児島,"<p><a target=""_blank"" rel=""noopener noreferrer""  href=""https://npo-yadokari.jp/news.html/"">公式ホームページをのぞいてみる</a></p>",1,0,住居,鹿児島県から居住支援法人に指定されています
276,46,<li>住まい探し支援</li>,社会福祉法人南恵会,"<p><a target=""_blank"" rel=""noopener noreferrer""  href=""https://www.nankeikai.net/cont2/6.html"">公式ホームページをのぞいてみる</a></p>",1,0,住居,鹿児島県から居住支援法人に指定されています